{
	"format_version": "1.19.0",
	"minecraft:geometry": [
		{
			"description": {
				"identifier": "geometry.losha_lock",
				"texture_width": 64,
				"texture_height": 64,
				"visible_bounds_width": 3,
				"visible_bounds_height": 2.5,
				"visible_bounds_offset": [0, 0.75, 0]
			},
			"bones": [
				{
					"name": "root_item",
					"pivot": [0, 0, 0],
					"binding": "q.item_slot_to_bone_name(c.item_slot)"
				},
				{
					"name": "all",
					"parent": "root_item",
					"pivot": [0, 0, 0]
				},
				{
					"name": "LockCenter",
					"parent": "all",
					"pivot": [0, 0, 0],
					"cubes": [
						{"origin": [-1, 2, -2], "size": [1, 4, 1], "uv": [0, 30]},
						{"origin": [0, 5, -2], "size": [1, 1, 1], "uv": [31, 29]},
						{"origin": [-2, 5, -2], "size": [1, 1, 1], "uv": [31, 9]}
					]
				},
				{
					"name": "inside",
					"parent": "all",
					"pivot": [0, 0, 0],
					"cubes": [
						{"origin": [-6, 1, -1], "size": [12, 7, 1], "uv": [0, 8]},
						{"origin": [4, 1, -2], "size": [1, 1, 1], "uv": [31, 7]}
					]
				},
				{
					"name": "Lockup",
					"parent": "all",
					"pivot": [0, 0, 0]
				},
				{
					"name": "up",
					"parent": "all",
					"pivot": [0, 0, 0],
					"cubes": [
						{"origin": [-5, 9, -2], "size": [1, 4, 3], "uv": [24, 21]},
						{"origin": [4, 9, -2], "size": [1, 4, 3], "uv": [16, 21]},
						{"origin": [-4, 13, -2], "size": [8, 1, 3], "uv": [0, 16]}
					]
				},
				{
					"name": "middle",
					"parent": "all",
					"pivot": [0, 0, 0],
					"cubes": [
						{"origin": [-6, 0, -2], "size": [12, 1, 3], "uv": [0, 4]},
						{"origin": [-7, 1, -2], "size": [1, 7, 3], "uv": [8, 20]},
						{"origin": [6, 1, -2], "size": [1, 7, 3], "uv": [0, 20]},
						{"origin": [5, 7, -2], "size": [1, 1, 3], "uv": [26, 29]},
						{"origin": [-6, 8, -2], "size": [12, 1, 3], "uv": [0, 0]},
						{"origin": [5, 1, -2], "size": [1, 1, 3], "uv": [29, 25]},
						{"origin": [-6, 1, -2], "size": [1, 1, 3], "uv": [21, 28]},
						{"origin": [-6, 7, -2], "size": [1, 1, 3], "uv": [13, 28]}
					]
				},
				{
					"name": "bb_main",
					"parent": "all",
					"pivot": [0, 0, 0],
					"cubes": [
						{"origin": [2, 9, -2], "size": [1, 3, 3], "uv": [27, 1]},
						{"origin": [-3, 9, -2], "size": [1, 3, 3], "uv": [26, 8]},
						{"origin": [-2, 11, -2], "size": [4, 1, 3], "uv": [19, 17]},
						{"origin": [5, 2, -2], "size": [1, 1, 1], "uv": [30, 18]},
						{"origin": [3, 1, -2], "size": [1, 1, 1], "uv": [30, 16]},
						{"origin": [4, 2, -2], "size": [1, 1, 1], "uv": [8, 30]},
						{"origin": [5, 3, -2], "size": [1, 1, 1], "uv": [4, 30]},
						{"origin": [5, 4, -2], "size": [1, 1, 1], "uv": [29, 21]},
						{"origin": [-6, 6, -2], "size": [1, 1, 1], "uv": [18, 28]},
						{"origin": [-6, 5, -2], "size": [1, 1, 1], "uv": [28, 14]},
						{"origin": [-5, 6, -2], "size": [1, 1, 1], "uv": [25, 15]},
						{"origin": [-5, 7, -2], "size": [1, 1, 1], "uv": [21, 21]},
						{"origin": [-6, 4, -2], "size": [1, 1, 1], "uv": [13, 20]},
						{"origin": [-4, 7, -2], "size": [1, 1, 1], "uv": [5, 20]}
					]
				}
			]
		}
	]
}